{
    "family": "Open Sans",
    "variants": [
        "300",
        "regular",
        "500",
        "600",
        "700",
        "800",
        "300italic",
        "italic",
        "500italic",
        "600italic",
        "700italic",
        "800italic"
    ],
    "subsets": [
        "cyrillic",
        "cyrillic-ext",
        "greek",
        "greek-ext",
        "hebrew",
        "latin",
        "latin-ext",
        "vietnamese"
    ],
    "version": "v34",
    "lastModified": "2022-09-22",
    "category": "sans-serif",
    "kind": "webfonts#webfont",
    "slug": "open-sans",
    "features": [
        "VariableFont_wght"
    ],
    "attr": {
        "license": "<a target=\"_blank\" href=\"http:\/\/scripts.sil.org\/OFL\">SIL Open Font License, 1.1<\/a>",
        "copyright": [
            "OpenSans[wdth,wght].ttf: Copyright 2020 The Open Sans Project Authors (https:\/\/github.com\/googlefonts\/opensans)",
            "OpenSans-Italic[wdth,wght].ttf: Copyright 2020 The Open Sans Project Authors (https:\/\/github.com\/googlefonts\/opensans)"
        ]
    },
    "creator": "Web Font Loader\/1.5.6",
    "css": [
        {
            "comment": null,
            "font-family": "Open Sans",
            "font-style": "italic",
            "font-weight": "300",
            "unicode-range": null,
            "url": "full\/OpenSans-300-italic.woff",
            "format": "woff"
        },
        {
            "comment": null,
            "font-family": "Open Sans",
            "font-style": "italic",
            "font-weight": "400",
            "unicode-range": null,
            "url": "full\/OpenSans-400-italic.woff",
            "format": "woff"
        },
        {
            "comment": null,
            "font-family": "Open Sans",
            "font-style": "italic",
            "font-weight": "500",
            "unicode-range": null,
            "url": "full\/OpenSans-500-italic.woff",
            "format": "woff"
        },
        {
            "comment": null,
            "font-family": "Open Sans",
            "font-style": "italic",
            "font-weight": "600",
            "unicode-range": null,
            "url": "full\/OpenSans-600-italic.woff",
            "format": "woff"
        },
        {
            "comment": null,
            "font-family": "Open Sans",
            "font-style": "italic",
            "font-weight": "700",
            "unicode-range": null,
            "url": "full\/OpenSans-700-italic.woff",
            "format": "woff"
        },
        {
            "comment": null,
            "font-family": "Open Sans",
            "font-style": "italic",
            "font-weight": "800",
            "unicode-range": null,
            "url": "full\/OpenSans-800-italic.woff",
            "format": "woff"
        },
        {
            "comment": null,
            "font-family": "Open Sans",
            "font-style": "normal",
            "font-weight": "300",
            "unicode-range": null,
            "url": "full\/OpenSans-300.woff",
            "format": "woff"
        },
        {
            "comment": null,
            "font-family": "Open Sans",
            "font-style": "normal",
            "font-weight": "400",
            "unicode-range": null,
            "url": "full\/OpenSans-400.woff",
            "format": "woff"
        },
        {
            "comment": null,
            "font-family": "Open Sans",
            "font-style": "normal",
            "font-weight": "500",
            "unicode-range": null,
            "url": "full\/OpenSans-500.woff",
            "format": "woff"
        },
        {
            "comment": null,
            "font-family": "Open Sans",
            "font-style": "normal",
            "font-weight": "600",
            "unicode-range": null,
            "url": "full\/OpenSans-600.woff",
            "format": "woff"
        },
        {
            "comment": null,
            "font-family": "Open Sans",
            "font-style": "normal",
            "font-weight": "700",
            "unicode-range": null,
            "url": "full\/OpenSans-700.woff",
            "format": "woff"
        },
        {
            "comment": null,
            "font-family": "Open Sans",
            "font-style": "normal",
            "font-weight": "800",
            "unicode-range": null,
            "url": "full\/OpenSans-800.woff",
            "format": "woff"
        },
        {
            "comment": "cyrillic-ext",
            "font-family": "Open Sans",
            "font-style": "italic",
            "font-weight": "300",
            "unicode-range": "U+0460-052F, U+1C80-1C88, U+20B4, U+2DE0-2DFF, U+A640-A69F, U+FE2E-FE2F",
            "url": "cyrillic-ext\/OpenSans-VariableFont_wght-italic.woff2",
            "format": "woff2"
        },
        {
            "comment": "cyrillic",
            "font-family": "Open Sans",
            "font-style": "italic",
            "font-weight": "300",
            "unicode-range": "U+0301, U+0400-045F, U+0490-0491, U+04B0-04B1, U+2116",
            "url": "cyrillic\/OpenSans-VariableFont_wght-italic.woff2",
            "format": "woff2"
        },
        {
            "comment": "greek-ext",
            "font-family": "Open Sans",
            "font-style": "italic",
            "font-weight": "300",
            "unicode-range": "U+1F00-1FFF",
            "url": "greek-ext\/OpenSans-VariableFont_wght-italic.woff2",
            "format": "woff2"
        },
        {
            "comment": "greek",
            "font-family": "Open Sans",
            "font-style": "italic",
            "font-weight": "300",
            "unicode-range": "U+0370-03FF",
            "url": "greek\/OpenSans-VariableFont_wght-italic.woff2",
            "format": "woff2"
        },
        {
            "comment": "hebrew",
            "font-family": "Open Sans",
            "font-style": "italic",
            "font-weight": "300",
            "unicode-range": "U+0590-05FF, U+200C-2010, U+20AA, U+25CC, U+FB1D-FB4F",
            "url": "hebrew\/OpenSans-VariableFont_wght-italic.woff2",
            "format": "woff2"
        },
        {
            "comment": "vietnamese",
            "font-family": "Open Sans",
            "font-style": "italic",
            "font-weight": "300",
            "unicode-range": "U+0102-0103, U+0110-0111, U+0128-0129, U+0168-0169, U+01A0-01A1, U+01AF-01B0, U+1EA0-1EF9, U+20AB",
            "url": "vietnamese\/OpenSans-VariableFont_wght-italic.woff2",
            "format": "woff2"
        },
        {
            "comment": "latin-ext",
            "font-family": "Open Sans",
            "font-style": "italic",
            "font-weight": "300",
            "unicode-range": "U+0100-024F, U+0259, U+1E00-1EFF, U+2020, U+20A0-20AB, U+20AD-20CF, U+2113, U+2C60-2C7F, U+A720-A7FF",
            "url": "latin-ext\/OpenSans-VariableFont_wght-italic.woff2",
            "format": "woff2"
        },
        {
            "comment": "latin",
            "font-family": "Open Sans",
            "font-style": "italic",
            "font-weight": "300",
            "unicode-range": "U+0000-00FF, U+0131, U+0152-0153, U+02BB-02BC, U+02C6, U+02DA, U+02DC, U+2000-206F, U+2074, U+20AC, U+2122, U+2191, U+2193, U+2212, U+2215, U+FEFF, U+FFFD",
            "url": "latin\/OpenSans-VariableFont_wght-italic.woff2",
            "format": "woff2"
        },
        {
            "comment": "cyrillic-ext",
            "font-family": "Open Sans",
            "font-style": "italic",
            "font-weight": "400",
            "unicode-range": "U+0460-052F, U+1C80-1C88, U+20B4, U+2DE0-2DFF, U+A640-A69F, U+FE2E-FE2F",
            "url": "cyrillic-ext\/OpenSans-VariableFont_wght-italic.woff2",
            "format": "woff2"
        },
        {
            "comment": "cyrillic",
            "font-family": "Open Sans",
            "font-style": "italic",
            "font-weight": "400",
            "unicode-range": "U+0301, U+0400-045F, U+0490-0491, U+04B0-04B1, U+2116",
            "url": "cyrillic\/OpenSans-VariableFont_wght-italic.woff2",
            "format": "woff2"
        },
        {
            "comment": "greek-ext",
            "font-family": "Open Sans",
            "font-style": "italic",
            "font-weight": "400",
            "unicode-range": "U+1F00-1FFF",
            "url": "greek-ext\/OpenSans-VariableFont_wght-italic.woff2",
            "format": "woff2"
        },
        {
            "comment": "greek",
            "font-family": "Open Sans",
            "font-style": "italic",
            "font-weight": "400",
            "unicode-range": "U+0370-03FF",
            "url": "greek\/OpenSans-VariableFont_wght-italic.woff2",
            "format": "woff2"
        },
        {
            "comment": "hebrew",
            "font-family": "Open Sans",
            "font-style": "italic",
            "font-weight": "400",
            "unicode-range": "U+0590-05FF, U+200C-2010, U+20AA, U+25CC, U+FB1D-FB4F",
            "url": "hebrew\/OpenSans-VariableFont_wght-italic.woff2",
            "format": "woff2"
        },
        {
            "comment": "vietnamese",
            "font-family": "Open Sans",
            "font-style": "italic",
            "font-weight": "400",
            "unicode-range": "U+0102-0103, U+0110-0111, U+0128-0129, U+0168-0169, U+01A0-01A1, U+01AF-01B0, U+1EA0-1EF9, U+20AB",
            "url": "vietnamese\/OpenSans-VariableFont_wght-italic.woff2",
            "format": "woff2"
        },
        {
            "comment": "latin-ext",
            "font-family": "Open Sans",
            "font-style": "italic",
            "font-weight": "400",
            "unicode-range": "U+0100-024F, U+0259, U+1E00-1EFF, U+2020, U+20A0-20AB, U+20AD-20CF, U+2113, U+2C60-2C7F, U+A720-A7FF",
            "url": "latin-ext\/OpenSans-VariableFont_wght-italic.woff2",
            "format": "woff2"
        },
        {
            "comment": "latin",
            "font-family": "Open Sans",
            "font-style": "italic",
            "font-weight": "400",
            "unicode-range": "U+0000-00FF, U+0131, U+0152-0153, U+02BB-02BC, U+02C6, U+02DA, U+02DC, U+2000-206F, U+2074, U+20AC, U+2122, U+2191, U+2193, U+2212, U+2215, U+FEFF, U+FFFD",
            "url": "latin\/OpenSans-VariableFont_wght-italic.woff2",
            "format": "woff2"
        },
        {
            "comment": "cyrillic-ext",
            "font-family": "Open Sans",
            "font-style": "italic",
            "font-weight": "500",
            "unicode-range": "U+0460-052F, U+1C80-1C88, U+20B4, U+2DE0-2DFF, U+A640-A69F, U+FE2E-FE2F",
            "url": "cyrillic-ext\/OpenSans-VariableFont_wght-italic.woff2",
            "format": "woff2"
        },
        {
            "comment": "cyrillic",
            "font-family": "Open Sans",
            "font-style": "italic",
            "font-weight": "500",
            "unicode-range": "U+0301, U+0400-045F, U+0490-0491, U+04B0-04B1, U+2116",
            "url": "cyrillic\/OpenSans-VariableFont_wght-italic.woff2",
            "format": "woff2"
        },
        {
            "comment": "greek-ext",
            "font-family": "Open Sans",
            "font-style": "italic",
            "font-weight": "500",
            "unicode-range": "U+1F00-1FFF",
            "url": "greek-ext\/OpenSans-VariableFont_wght-italic.woff2",
            "format": "woff2"
        },
        {
            "comment": "greek",
            "font-family": "Open Sans",
            "font-style": "italic",
            "font-weight": "500",
            "unicode-range": "U+0370-03FF",
            "url": "greek\/OpenSans-VariableFont_wght-italic.woff2",
            "format": "woff2"
        },
        {
            "comment": "hebrew",
            "font-family": "Open Sans",
            "font-style": "italic",
            "font-weight": "500",
            "unicode-range": "U+0590-05FF, U+200C-2010, U+20AA, U+25CC, U+FB1D-FB4F",
            "url": "hebrew\/OpenSans-VariableFont_wght-italic.woff2",
            "format": "woff2"
        },
        {
            "comment": "vietnamese",
            "font-family": "Open Sans",
            "font-style": "italic",
            "font-weight": "500",
            "unicode-range": "U+0102-0103, U+0110-0111, U+0128-0129, U+0168-0169, U+01A0-01A1, U+01AF-01B0, U+1EA0-1EF9, U+20AB",
            "url": "vietnamese\/OpenSans-VariableFont_wght-italic.woff2",
            "format": "woff2"
        },
        {
            "comment": "latin-ext",
            "font-family": "Open Sans",
            "font-style": "italic",
            "font-weight": "500",
            "unicode-range": "U+0100-024F, U+0259, U+1E00-1EFF, U+2020, U+20A0-20AB, U+20AD-20CF, U+2113, U+2C60-2C7F, U+A720-A7FF",
            "url": "latin-ext\/OpenSans-VariableFont_wght-italic.woff2",
            "format": "woff2"
        },
        {
            "comment": "latin",
            "font-family": "Open Sans",
            "font-style": "italic",
            "font-weight": "500",
            "unicode-range": "U+0000-00FF, U+0131, U+0152-0153, U+02BB-02BC, U+02C6, U+02DA, U+02DC, U+2000-206F, U+2074, U+20AC, U+2122, U+2191, U+2193, U+2212, U+2215, U+FEFF, U+FFFD",
            "url": "latin\/OpenSans-VariableFont_wght-italic.woff2",
            "format": "woff2"
        },
        {
            "comment": "cyrillic-ext",
            "font-family": "Open Sans",
            "font-style": "italic",
            "font-weight": "600",
            "unicode-range": "U+0460-052F, U+1C80-1C88, U+20B4, U+2DE0-2DFF, U+A640-A69F, U+FE2E-FE2F",
            "url": "cyrillic-ext\/OpenSans-VariableFont_wght-italic.woff2",
            "format": "woff2"
        },
        {
            "comment": "cyrillic",
            "font-family": "Open Sans",
            "font-style": "italic",
            "font-weight": "600",
            "unicode-range": "U+0301, U+0400-045F, U+0490-0491, U+04B0-04B1, U+2116",
            "url": "cyrillic\/OpenSans-VariableFont_wght-italic.woff2",
            "format": "woff2"
        },
        {
            "comment": "greek-ext",
            "font-family": "Open Sans",
            "font-style": "italic",
            "font-weight": "600",
            "unicode-range": "U+1F00-1FFF",
            "url": "greek-ext\/OpenSans-VariableFont_wght-italic.woff2",
            "format": "woff2"
        },
        {
            "comment": "greek",
            "font-family": "Open Sans",
            "font-style": "italic",
            "font-weight": "600",
            "unicode-range": "U+0370-03FF",
            "url": "greek\/OpenSans-VariableFont_wght-italic.woff2",
            "format": "woff2"
        },
        {
            "comment": "hebrew",
            "font-family": "Open Sans",
            "font-style": "italic",
            "font-weight": "600",
            "unicode-range": "U+0590-05FF, U+200C-2010, U+20AA, U+25CC, U+FB1D-FB4F",
            "url": "hebrew\/OpenSans-VariableFont_wght-italic.woff2",
            "format": "woff2"
        },
        {
            "comment": "vietnamese",
            "font-family": "Open Sans",
            "font-style": "italic",
            "font-weight": "600",
            "unicode-range": "U+0102-0103, U+0110-0111, U+0128-0129, U+0168-0169, U+01A0-01A1, U+01AF-01B0, U+1EA0-1EF9, U+20AB",
            "url": "vietnamese\/OpenSans-VariableFont_wght-italic.woff2",
            "format": "woff2"
        },
        {
            "comment": "latin-ext",
            "font-family": "Open Sans",
            "font-style": "italic",
            "font-weight": "600",
            "unicode-range": "U+0100-024F, U+0259, U+1E00-1EFF, U+2020, U+20A0-20AB, U+20AD-20CF, U+2113, U+2C60-2C7F, U+A720-A7FF",
            "url": "latin-ext\/OpenSans-VariableFont_wght-italic.woff2",
            "format": "woff2"
        },
        {
            "comment": "latin",
            "font-family": "Open Sans",
            "font-style": "italic",
            "font-weight": "600",
            "unicode-range": "U+0000-00FF, U+0131, U+0152-0153, U+02BB-02BC, U+02C6, U+02DA, U+02DC, U+2000-206F, U+2074, U+20AC, U+2122, U+2191, U+2193, U+2212, U+2215, U+FEFF, U+FFFD",
            "url": "latin\/OpenSans-VariableFont_wght-italic.woff2",
            "format": "woff2"
        },
        {
            "comment": "cyrillic-ext",
            "font-family": "Open Sans",
            "font-style": "italic",
            "font-weight": "700",
            "unicode-range": "U+0460-052F, U+1C80-1C88, U+20B4, U+2DE0-2DFF, U+A640-A69F, U+FE2E-FE2F",
            "url": "cyrillic-ext\/OpenSans-VariableFont_wght-italic.woff2",
            "format": "woff2"
        },
        {
            "comment": "cyrillic",
            "font-family": "Open Sans",
            "font-style": "italic",
            "font-weight": "700",
            "unicode-range": "U+0301, U+0400-045F, U+0490-0491, U+04B0-04B1, U+2116",
            "url": "cyrillic\/OpenSans-VariableFont_wght-italic.woff2",
            "format": "woff2"
        },
        {
            "comment": "greek-ext",
            "font-family": "Open Sans",
            "font-style": "italic",
            "font-weight": "700",
            "unicode-range": "U+1F00-1FFF",
            "url": "greek-ext\/OpenSans-VariableFont_wght-italic.woff2",
            "format": "woff2"
        },
        {
            "comment": "greek",
            "font-family": "Open Sans",
            "font-style": "italic",
            "font-weight": "700",
            "unicode-range": "U+0370-03FF",
            "url": "greek\/OpenSans-VariableFont_wght-italic.woff2",
            "format": "woff2"
        },
        {
            "comment": "hebrew",
            "font-family": "Open Sans",
            "font-style": "italic",
            "font-weight": "700",
            "unicode-range": "U+0590-05FF, U+200C-2010, U+20AA, U+25CC, U+FB1D-FB4F",
            "url": "hebrew\/OpenSans-VariableFont_wght-italic.woff2",
            "format": "woff2"
        },
        {
            "comment": "vietnamese",
            "font-family": "Open Sans",
            "font-style": "italic",
            "font-weight": "700",
            "unicode-range": "U+0102-0103, U+0110-0111, U+0128-0129, U+0168-0169, U+01A0-01A1, U+01AF-01B0, U+1EA0-1EF9, U+20AB",
            "url": "vietnamese\/OpenSans-VariableFont_wght-italic.woff2",
            "format": "woff2"
        },
        {
            "comment": "latin-ext",
            "font-family": "Open Sans",
            "font-style": "italic",
            "font-weight": "700",
            "unicode-range": "U+0100-024F, U+0259, U+1E00-1EFF, U+2020, U+20A0-20AB, U+20AD-20CF, U+2113, U+2C60-2C7F, U+A720-A7FF",
            "url": "latin-ext\/OpenSans-VariableFont_wght-italic.woff2",
            "format": "woff2"
        },
        {
            "comment": "latin",
            "font-family": "Open Sans",
            "font-style": "italic",
            "font-weight": "700",
            "unicode-range": "U+0000-00FF, U+0131, U+0152-0153, U+02BB-02BC, U+02C6, U+02DA, U+02DC, U+2000-206F, U+2074, U+20AC, U+2122, U+2191, U+2193, U+2212, U+2215, U+FEFF, U+FFFD",
            "url": "latin\/OpenSans-VariableFont_wght-italic.woff2",
            "format": "woff2"
        },
        {
            "comment": "cyrillic-ext",
            "font-family": "Open Sans",
            "font-style": "italic",
            "font-weight": "800",
            "unicode-range": "U+0460-052F, U+1C80-1C88, U+20B4, U+2DE0-2DFF, U+A640-A69F, U+FE2E-FE2F",
            "url": "cyrillic-ext\/OpenSans-VariableFont_wght-italic.woff2",
            "format": "woff2"
        },
        {
            "comment": "cyrillic",
            "font-family": "Open Sans",
            "font-style": "italic",
            "font-weight": "800",
            "unicode-range": "U+0301, U+0400-045F, U+0490-0491, U+04B0-04B1, U+2116",
            "url": "cyrillic\/OpenSans-VariableFont_wght-italic.woff2",
            "format": "woff2"
        },
        {
            "comment": "greek-ext",
            "font-family": "Open Sans",
            "font-style": "italic",
            "font-weight": "800",
            "unicode-range": "U+1F00-1FFF",
            "url": "greek-ext\/OpenSans-VariableFont_wght-italic.woff2",
            "format": "woff2"
        },
        {
            "comment": "greek",
            "font-family": "Open Sans",
            "font-style": "italic",
            "font-weight": "800",
            "unicode-range": "U+0370-03FF",
            "url": "greek\/OpenSans-VariableFont_wght-italic.woff2",
            "format": "woff2"
        },
        {
            "comment": "hebrew",
            "font-family": "Open Sans",
            "font-style": "italic",
            "font-weight": "800",
            "unicode-range": "U+0590-05FF, U+200C-2010, U+20AA, U+25CC, U+FB1D-FB4F",
            "url": "hebrew\/OpenSans-VariableFont_wght-italic.woff2",
            "format": "woff2"
        },
        {
            "comment": "vietnamese",
            "font-family": "Open Sans",
            "font-style": "italic",
            "font-weight": "800",
            "unicode-range": "U+0102-0103, U+0110-0111, U+0128-0129, U+0168-0169, U+01A0-01A1, U+01AF-01B0, U+1EA0-1EF9, U+20AB",
            "url": "vietnamese\/OpenSans-VariableFont_wght-italic.woff2",
            "format": "woff2"
        },
        {
            "comment": "latin-ext",
            "font-family": "Open Sans",
            "font-style": "italic",
            "font-weight": "800",
            "unicode-range": "U+0100-024F, U+0259, U+1E00-1EFF, U+2020, U+20A0-20AB, U+20AD-20CF, U+2113, U+2C60-2C7F, U+A720-A7FF",
            "url": "latin-ext\/OpenSans-VariableFont_wght-italic.woff2",
            "format": "woff2"
        },
        {
            "comment": "latin",
            "font-family": "Open Sans",
            "font-style": "italic",
            "font-weight": "800",
            "unicode-range": "U+0000-00FF, U+0131, U+0152-0153, U+02BB-02BC, U+02C6, U+02DA, U+02DC, U+2000-206F, U+2074, U+20AC, U+2122, U+2191, U+2193, U+2212, U+2215, U+FEFF, U+FFFD",
            "url": "latin\/OpenSans-VariableFont_wght-italic.woff2",
            "format": "woff2"
        },
        {
            "comment": "cyrillic-ext",
            "font-family": "Open Sans",
            "font-style": "normal",
            "font-weight": "300",
            "unicode-range": "U+0460-052F, U+1C80-1C88, U+20B4, U+2DE0-2DFF, U+A640-A69F, U+FE2E-FE2F",
            "url": "cyrillic-ext\/OpenSans-VariableFont_wght.woff2",
            "format": "woff2"
        },
        {
            "comment": "cyrillic",
            "font-family": "Open Sans",
            "font-style": "normal",
            "font-weight": "300",
            "unicode-range": "U+0301, U+0400-045F, U+0490-0491, U+04B0-04B1, U+2116",
            "url": "cyrillic\/OpenSans-VariableFont_wght.woff2",
            "format": "woff2"
        },
        {
            "comment": "greek-ext",
            "font-family": "Open Sans",
            "font-style": "normal",
            "font-weight": "300",
            "unicode-range": "U+1F00-1FFF",
            "url": "greek-ext\/OpenSans-VariableFont_wght.woff2",
            "format": "woff2"
        },
        {
            "comment": "greek",
            "font-family": "Open Sans",
            "font-style": "normal",
            "font-weight": "300",
            "unicode-range": "U+0370-03FF",
            "url": "greek\/OpenSans-VariableFont_wght.woff2",
            "format": "woff2"
        },
        {
            "comment": "hebrew",
            "font-family": "Open Sans",
            "font-style": "normal",
            "font-weight": "300",
            "unicode-range": "U+0590-05FF, U+200C-2010, U+20AA, U+25CC, U+FB1D-FB4F",
            "url": "hebrew\/OpenSans-VariableFont_wght.woff2",
            "format": "woff2"
        },
        {
            "comment": "vietnamese",
            "font-family": "Open Sans",
            "font-style": "normal",
            "font-weight": "300",
            "unicode-range": "U+0102-0103, U+0110-0111, U+0128-0129, U+0168-0169, U+01A0-01A1, U+01AF-01B0, U+1EA0-1EF9, U+20AB",
            "url": "vietnamese\/OpenSans-VariableFont_wght.woff2",
            "format": "woff2"
        },
        {
            "comment": "latin-ext",
            "font-family": "Open Sans",
            "font-style": "normal",
            "font-weight": "300",
            "unicode-range": "U+0100-024F, U+0259, U+1E00-1EFF, U+2020, U+20A0-20AB, U+20AD-20CF, U+2113, U+2C60-2C7F, U+A720-A7FF",
            "url": "latin-ext\/OpenSans-VariableFont_wght.woff2",
            "format": "woff2"
        },
        {
            "comment": "latin",
            "font-family": "Open Sans",
            "font-style": "normal",
            "font-weight": "300",
            "unicode-range": "U+0000-00FF, U+0131, U+0152-0153, U+02BB-02BC, U+02C6, U+02DA, U+02DC, U+2000-206F, U+2074, U+20AC, U+2122, U+2191, U+2193, U+2212, U+2215, U+FEFF, U+FFFD",
            "url": "latin\/OpenSans-VariableFont_wght.woff2",
            "format": "woff2"
        },
        {
            "comment": "cyrillic-ext",
            "font-family": "Open Sans",
            "font-style": "normal",
            "font-weight": "400",
            "unicode-range": "U+0460-052F, U+1C80-1C88, U+20B4, U+2DE0-2DFF, U+A640-A69F, U+FE2E-FE2F",
            "url": "cyrillic-ext\/OpenSans-VariableFont_wght.woff2",
            "format": "woff2"
        },
        {
            "comment": "cyrillic",
            "font-family": "Open Sans",
            "font-style": "normal",
            "font-weight": "400",
            "unicode-range": "U+0301, U+0400-045F, U+0490-0491, U+04B0-04B1, U+2116",
            "url": "cyrillic\/OpenSans-VariableFont_wght.woff2",
            "format": "woff2"
        },
        {
            "comment": "greek-ext",
            "font-family": "Open Sans",
            "font-style": "normal",
            "font-weight": "400",
            "unicode-range": "U+1F00-1FFF",
            "url": "greek-ext\/OpenSans-VariableFont_wght.woff2",
            "format": "woff2"
        },
        {
            "comment": "greek",
            "font-family": "Open Sans",
            "font-style": "normal",
            "font-weight": "400",
            "unicode-range": "U+0370-03FF",
            "url": "greek\/OpenSans-VariableFont_wght.woff2",
            "format": "woff2"
        },
        {
            "comment": "hebrew",
            "font-family": "Open Sans",
            "font-style": "normal",
            "font-weight": "400",
            "unicode-range": "U+0590-05FF, U+200C-2010, U+20AA, U+25CC, U+FB1D-FB4F",
            "url": "hebrew\/OpenSans-VariableFont_wght.woff2",
            "format": "woff2"
        },
        {
            "comment": "vietnamese",
            "font-family": "Open Sans",
            "font-style": "normal",
            "font-weight": "400",
            "unicode-range": "U+0102-0103, U+0110-0111, U+0128-0129, U+0168-0169, U+01A0-01A1, U+01AF-01B0, U+1EA0-1EF9, U+20AB",
            "url": "vietnamese\/OpenSans-VariableFont_wght.woff2",
            "format": "woff2"
        },
        {
            "comment": "latin-ext",
            "font-family": "Open Sans",
            "font-style": "normal",
            "font-weight": "400",
            "unicode-range": "U+0100-024F, U+0259, U+1E00-1EFF, U+2020, U+20A0-20AB, U+20AD-20CF, U+2113, U+2C60-2C7F, U+A720-A7FF",
            "url": "latin-ext\/OpenSans-VariableFont_wght.woff2",
            "format": "woff2"
        },
        {
            "comment": "latin",
            "font-family": "Open Sans",
            "font-style": "normal",
            "font-weight": "400",
            "unicode-range": "U+0000-00FF, U+0131, U+0152-0153, U+02BB-02BC, U+02C6, U+02DA, U+02DC, U+2000-206F, U+2074, U+20AC, U+2122, U+2191, U+2193, U+2212, U+2215, U+FEFF, U+FFFD",
            "url": "latin\/OpenSans-VariableFont_wght.woff2",
            "format": "woff2"
        },
        {
            "comment": "cyrillic-ext",
            "font-family": "Open Sans",
            "font-style": "normal",
            "font-weight": "500",
            "unicode-range": "U+0460-052F, U+1C80-1C88, U+20B4, U+2DE0-2DFF, U+A640-A69F, U+FE2E-FE2F",
            "url": "cyrillic-ext\/OpenSans-VariableFont_wght.woff2",
            "format": "woff2"
        },
        {
            "comment": "cyrillic",
            "font-family": "Open Sans",
            "font-style": "normal",
            "font-weight": "500",
            "unicode-range": "U+0301, U+0400-045F, U+0490-0491, U+04B0-04B1, U+2116",
            "url": "cyrillic\/OpenSans-VariableFont_wght.woff2",
            "format": "woff2"
        },
        {
            "comment": "greek-ext",
            "font-family": "Open Sans",
            "font-style": "normal",
            "font-weight": "500",
            "unicode-range": "U+1F00-1FFF",
            "url": "greek-ext\/OpenSans-VariableFont_wght.woff2",
            "format": "woff2"
        },
        {
            "comment": "greek",
            "font-family": "Open Sans",
            "font-style": "normal",
            "font-weight": "500",
            "unicode-range": "U+0370-03FF",
            "url": "greek\/OpenSans-VariableFont_wght.woff2",
            "format": "woff2"
        },
        {
            "comment": "hebrew",
            "font-family": "Open Sans",
            "font-style": "normal",
            "font-weight": "500",
            "unicode-range": "U+0590-05FF, U+200C-2010, U+20AA, U+25CC, U+FB1D-FB4F",
            "url": "hebrew\/OpenSans-VariableFont_wght.woff2",
            "format": "woff2"
        },
        {
            "comment": "vietnamese",
            "font-family": "Open Sans",
            "font-style": "normal",
            "font-weight": "500",
            "unicode-range": "U+0102-0103, U+0110-0111, U+0128-0129, U+0168-0169, U+01A0-01A1, U+01AF-01B0, U+1EA0-1EF9, U+20AB",
            "url": "vietnamese\/OpenSans-VariableFont_wght.woff2",
            "format": "woff2"
        },
        {
            "comment": "latin-ext",
            "font-family": "Open Sans",
            "font-style": "normal",
            "font-weight": "500",
            "unicode-range": "U+0100-024F, U+0259, U+1E00-1EFF, U+2020, U+20A0-20AB, U+20AD-20CF, U+2113, U+2C60-2C7F, U+A720-A7FF",
            "url": "latin-ext\/OpenSans-VariableFont_wght.woff2",
            "format": "woff2"
        },
        {
            "comment": "latin",
            "font-family": "Open Sans",
            "font-style": "normal",
            "font-weight": "500",
            "unicode-range": "U+0000-00FF, U+0131, U+0152-0153, U+02BB-02BC, U+02C6, U+02DA, U+02DC, U+2000-206F, U+2074, U+20AC, U+2122, U+2191, U+2193, U+2212, U+2215, U+FEFF, U+FFFD",
            "url": "latin\/OpenSans-VariableFont_wght.woff2",
            "format": "woff2"
        },
        {
            "comment": "cyrillic-ext",
            "font-family": "Open Sans",
            "font-style": "normal",
            "font-weight": "600",
            "unicode-range": "U+0460-052F, U+1C80-1C88, U+20B4, U+2DE0-2DFF, U+A640-A69F, U+FE2E-FE2F",
            "url": "cyrillic-ext\/OpenSans-VariableFont_wght.woff2",
            "format": "woff2"
        },
        {
            "comment": "cyrillic",
            "font-family": "Open Sans",
            "font-style": "normal",
            "font-weight": "600",
            "unicode-range": "U+0301, U+0400-045F, U+0490-0491, U+04B0-04B1, U+2116",
            "url": "cyrillic\/OpenSans-VariableFont_wght.woff2",
            "format": "woff2"
        },
        {
            "comment": "greek-ext",
            "font-family": "Open Sans",
            "font-style": "normal",
            "font-weight": "600",
            "unicode-range": "U+1F00-1FFF",
            "url": "greek-ext\/OpenSans-VariableFont_wght.woff2",
            "format": "woff2"
        },
        {
            "comment": "greek",
            "font-family": "Open Sans",
            "font-style": "normal",
            "font-weight": "600",
            "unicode-range": "U+0370-03FF",
            "url": "greek\/OpenSans-VariableFont_wght.woff2",
            "format": "woff2"
        },
        {
            "comment": "hebrew",
            "font-family": "Open Sans",
            "font-style": "normal",
            "font-weight": "600",
            "unicode-range": "U+0590-05FF, U+200C-2010, U+20AA, U+25CC, U+FB1D-FB4F",
            "url": "hebrew\/OpenSans-VariableFont_wght.woff2",
            "format": "woff2"
        },
        {
            "comment": "vietnamese",
            "font-family": "Open Sans",
            "font-style": "normal",
            "font-weight": "600",
            "unicode-range": "U+0102-0103, U+0110-0111, U+0128-0129, U+0168-0169, U+01A0-01A1, U+01AF-01B0, U+1EA0-1EF9, U+20AB",
            "url": "vietnamese\/OpenSans-VariableFont_wght.woff2",
            "format": "woff2"
        },
        {
            "comment": "latin-ext",
            "font-family": "Open Sans",
            "font-style": "normal",
            "font-weight": "600",
            "unicode-range": "U+0100-024F, U+0259, U+1E00-1EFF, U+2020, U+20A0-20AB, U+20AD-20CF, U+2113, U+2C60-2C7F, U+A720-A7FF",
            "url": "latin-ext\/OpenSans-VariableFont_wght.woff2",
            "format": "woff2"
        },
        {
            "comment": "latin",
            "font-family": "Open Sans",
            "font-style": "normal",
            "font-weight": "600",
            "unicode-range": "U+0000-00FF, U+0131, U+0152-0153, U+02BB-02BC, U+02C6, U+02DA, U+02DC, U+2000-206F, U+2074, U+20AC, U+2122, U+2191, U+2193, U+2212, U+2215, U+FEFF, U+FFFD",
            "url": "latin\/OpenSans-VariableFont_wght.woff2",
            "format": "woff2"
        },
        {
            "comment": "cyrillic-ext",
            "font-family": "Open Sans",
            "font-style": "normal",
            "font-weight": "700",
            "unicode-range": "U+0460-052F, U+1C80-1C88, U+20B4, U+2DE0-2DFF, U+A640-A69F, U+FE2E-FE2F",
            "url": "cyrillic-ext\/OpenSans-VariableFont_wght.woff2",
            "format": "woff2"
        },
        {
            "comment": "cyrillic",
            "font-family": "Open Sans",
            "font-style": "normal",
            "font-weight": "700",
            "unicode-range": "U+0301, U+0400-045F, U+0490-0491, U+04B0-04B1, U+2116",
            "url": "cyrillic\/OpenSans-VariableFont_wght.woff2",
            "format": "woff2"
        },
        {
            "comment": "greek-ext",
            "font-family": "Open Sans",
            "font-style": "normal",
            "font-weight": "700",
            "unicode-range": "U+1F00-1FFF",
            "url": "greek-ext\/OpenSans-VariableFont_wght.woff2",
            "format": "woff2"
        },
        {
            "comment": "greek",
            "font-family": "Open Sans",
            "font-style": "normal",
            "font-weight": "700",
            "unicode-range": "U+0370-03FF",
            "url": "greek\/OpenSans-VariableFont_wght.woff2",
            "format": "woff2"
        },
        {
            "comment": "hebrew",
            "font-family": "Open Sans",
            "font-style": "normal",
            "font-weight": "700",
            "unicode-range": "U+0590-05FF, U+200C-2010, U+20AA, U+25CC, U+FB1D-FB4F",
            "url": "hebrew\/OpenSans-VariableFont_wght.woff2",
            "format": "woff2"
        },
        {
            "comment": "vietnamese",
            "font-family": "Open Sans",
            "font-style": "normal",
            "font-weight": "700",
            "unicode-range": "U+0102-0103, U+0110-0111, U+0128-0129, U+0168-0169, U+01A0-01A1, U+01AF-01B0, U+1EA0-1EF9, U+20AB",
            "url": "vietnamese\/OpenSans-VariableFont_wght.woff2",
            "format": "woff2"
        },
        {
            "comment": "latin-ext",
            "font-family": "Open Sans",
            "font-style": "normal",
            "font-weight": "700",
            "unicode-range": "U+0100-024F, U+0259, U+1E00-1EFF, U+2020, U+20A0-20AB, U+20AD-20CF, U+2113, U+2C60-2C7F, U+A720-A7FF",
            "url": "latin-ext\/OpenSans-VariableFont_wght.woff2",
            "format": "woff2"
        },
        {
            "comment": "latin",
            "font-family": "Open Sans",
            "font-style": "normal",
            "font-weight": "700",
            "unicode-range": "U+0000-00FF, U+0131, U+0152-0153, U+02BB-02BC, U+02C6, U+02DA, U+02DC, U+2000-206F, U+2074, U+20AC, U+2122, U+2191, U+2193, U+2212, U+2215, U+FEFF, U+FFFD",
            "url": "latin\/OpenSans-VariableFont_wght.woff2",
            "format": "woff2"
        },
        {
            "comment": "cyrillic-ext",
            "font-family": "Open Sans",
            "font-style": "normal",
            "font-weight": "800",
            "unicode-range": "U+0460-052F, U+1C80-1C88, U+20B4, U+2DE0-2DFF, U+A640-A69F, U+FE2E-FE2F",
            "url": "cyrillic-ext\/OpenSans-VariableFont_wght.woff2",
            "format": "woff2"
        },
        {
            "comment": "cyrillic",
            "font-family": "Open Sans",
            "font-style": "normal",
            "font-weight": "800",
            "unicode-range": "U+0301, U+0400-045F, U+0490-0491, U+04B0-04B1, U+2116",
            "url": "cyrillic\/OpenSans-VariableFont_wght.woff2",
            "format": "woff2"
        },
        {
            "comment": "greek-ext",
            "font-family": "Open Sans",
            "font-style": "normal",
            "font-weight": "800",
            "unicode-range": "U+1F00-1FFF",
            "url": "greek-ext\/OpenSans-VariableFont_wght.woff2",
            "format": "woff2"
        },
        {
            "comment": "greek",
            "font-family": "Open Sans",
            "font-style": "normal",
            "font-weight": "800",
            "unicode-range": "U+0370-03FF",
            "url": "greek\/OpenSans-VariableFont_wght.woff2",
            "format": "woff2"
        },
        {
            "comment": "hebrew",
            "font-family": "Open Sans",
            "font-style": "normal",
            "font-weight": "800",
            "unicode-range": "U+0590-05FF, U+200C-2010, U+20AA, U+25CC, U+FB1D-FB4F",
            "url": "hebrew\/OpenSans-VariableFont_wght.woff2",
            "format": "woff2"
        },
        {
            "comment": "vietnamese",
            "font-family": "Open Sans",
            "font-style": "normal",
            "font-weight": "800",
            "unicode-range": "U+0102-0103, U+0110-0111, U+0128-0129, U+0168-0169, U+01A0-01A1, U+01AF-01B0, U+1EA0-1EF9, U+20AB",
            "url": "vietnamese\/OpenSans-VariableFont_wght.woff2",
            "format": "woff2"
        },
        {
            "comment": "latin-ext",
            "font-family": "Open Sans",
            "font-style": "normal",
            "font-weight": "800",
            "unicode-range": "U+0100-024F, U+0259, U+1E00-1EFF, U+2020, U+20A0-20AB, U+20AD-20CF, U+2113, U+2C60-2C7F, U+A720-A7FF",
            "url": "latin-ext\/OpenSans-VariableFont_wght.woff2",
            "format": "woff2"
        },
        {
            "comment": "latin",
            "font-family": "Open Sans",
            "font-style": "normal",
            "font-weight": "800",
            "unicode-range": "U+0000-00FF, U+0131, U+0152-0153, U+02BB-02BC, U+02C6, U+02DA, U+02DC, U+2000-206F, U+2074, U+20AC, U+2122, U+2191, U+2193, U+2212, U+2215, U+FEFF, U+FFFD",
            "url": "latin\/OpenSans-VariableFont_wght.woff2",
            "format": "woff2"
        }
    ]
}