{
    "family": "Hind",
    "variants": [
        "300",
        "regular",
        "500",
        "600",
        "700"
    ],
    "subsets": [
        "devanagari",
        "latin",
        "latin-ext"
    ],
    "version": "v16",
    "lastModified": "2022-04-26",
    "category": "sans-serif",
    "kind": "webfonts#webfont",
    "slug": "hind",
    "attr": {
        "license": "<a target=\"_blank\" href=\"http:\/\/scripts.sil.org\/OFL\">SIL Open Font License, 1.1<\/a>",
        "copyright": [
            "Hind-Light.ttf: Copyright (c) 2014 Indian Type Foundry (info@indiantypefoundry.com)",
            "Hind-Regular.ttf: Copyright (c) 2014 Indian Type Foundry (info@indiantypefoundry.com)",
            "Hind-Medium.ttf: Copyright (c) 2014 Indian Type Foundry (info@indiantypefoundry.com)",
            "Hind-SemiBold.ttf: Copyright (c) 2014 Indian Type Foundry (info@indiantypefoundry.com)",
            "Hind-Bold.ttf: Copyright (c) 2014 Indian Type Foundry (info@indiantypefoundry.com)"
        ]
    },
    "creator": "Web Font Loader\/1.5.3",
    "css": [
        {
            "comment": null,
            "font-family": "Hind",
            "font-style": "normal",
            "font-weight": "300",
            "unicode-range": null,
            "url": "full\/Hind-300.woff",
            "format": "woff"
        },
        {
            "comment": null,
            "font-family": "Hind",
            "font-style": "normal",
            "font-weight": "400",
            "unicode-range": null,
            "url": "full\/Hind-400.woff",
            "format": "woff"
        },
        {
            "comment": null,
            "font-family": "Hind",
            "font-style": "normal",
            "font-weight": "500",
            "unicode-range": null,
            "url": "full\/Hind-500.woff",
            "format": "woff"
        },
        {
            "comment": null,
            "font-family": "Hind",
            "font-style": "normal",
            "font-weight": "600",
            "unicode-range": null,
            "url": "full\/Hind-600.woff",
            "format": "woff"
        },
        {
            "comment": null,
            "font-family": "Hind",
            "font-style": "normal",
            "font-weight": "700",
            "unicode-range": null,
            "url": "full\/Hind-700.woff",
            "format": "woff"
        },
        {
            "comment": "devanagari",
            "font-family": "Hind",
            "font-style": "normal",
            "font-weight": "300",
            "unicode-range": "U+0900-097F, U+1CD0-1CF6, U+1CF8-1CF9, U+200C-200D, U+20A8, U+20B9, U+25CC, U+A830-A839, U+A8E0-A8FB",
            "url": "devanagari\/Hind-300.woff2",
            "format": "woff2"
        },
        {
            "comment": "latin-ext",
            "font-family": "Hind",
            "font-style": "normal",
            "font-weight": "300",
            "unicode-range": "U+0100-024F, U+0259, U+1E00-1EFF, U+2020, U+20A0-20AB, U+20AD-20CF, U+2113, U+2C60-2C7F, U+A720-A7FF",
            "url": "latin-ext\/Hind-300.woff2",
            "format": "woff2"
        },
        {
            "comment": "latin",
            "font-family": "Hind",
            "font-style": "normal",
            "font-weight": "300",
            "unicode-range": "U+0000-00FF, U+0131, U+0152-0153, U+02BB-02BC, U+02C6, U+02DA, U+02DC, U+2000-206F, U+2074, U+20AC, U+2122, U+2191, U+2193, U+2212, U+2215, U+FEFF, U+FFFD",
            "url": "latin\/Hind-300.woff2",
            "format": "woff2"
        },
        {
            "comment": "devanagari",
            "font-family": "Hind",
            "font-style": "normal",
            "font-weight": "400",
            "unicode-range": "U+0900-097F, U+1CD0-1CF6, U+1CF8-1CF9, U+200C-200D, U+20A8, U+20B9, U+25CC, U+A830-A839, U+A8E0-A8FB",
            "url": "devanagari\/Hind-400.woff2",
            "format": "woff2"
        },
        {
            "comment": "latin-ext",
            "font-family": "Hind",
            "font-style": "normal",
            "font-weight": "400",
            "unicode-range": "U+0100-024F, U+0259, U+1E00-1EFF, U+2020, U+20A0-20AB, U+20AD-20CF, U+2113, U+2C60-2C7F, U+A720-A7FF",
            "url": "latin-ext\/Hind-400.woff2",
            "format": "woff2"
        },
        {
            "comment": "latin",
            "font-family": "Hind",
            "font-style": "normal",
            "font-weight": "400",
            "unicode-range": "U+0000-00FF, U+0131, U+0152-0153, U+02BB-02BC, U+02C6, U+02DA, U+02DC, U+2000-206F, U+2074, U+20AC, U+2122, U+2191, U+2193, U+2212, U+2215, U+FEFF, U+FFFD",
            "url": "latin\/Hind-400.woff2",
            "format": "woff2"
        },
        {
            "comment": "devanagari",
            "font-family": "Hind",
            "font-style": "normal",
            "font-weight": "500",
            "unicode-range": "U+0900-097F, U+1CD0-1CF6, U+1CF8-1CF9, U+200C-200D, U+20A8, U+20B9, U+25CC, U+A830-A839, U+A8E0-A8FB",
            "url": "devanagari\/Hind-500.woff2",
            "format": "woff2"
        },
        {
            "comment": "latin-ext",
            "font-family": "Hind",
            "font-style": "normal",
            "font-weight": "500",
            "unicode-range": "U+0100-024F, U+0259, U+1E00-1EFF, U+2020, U+20A0-20AB, U+20AD-20CF, U+2113, U+2C60-2C7F, U+A720-A7FF",
            "url": "latin-ext\/Hind-500.woff2",
            "format": "woff2"
        },
        {
            "comment": "latin",
            "font-family": "Hind",
            "font-style": "normal",
            "font-weight": "500",
            "unicode-range": "U+0000-00FF, U+0131, U+0152-0153, U+02BB-02BC, U+02C6, U+02DA, U+02DC, U+2000-206F, U+2074, U+20AC, U+2122, U+2191, U+2193, U+2212, U+2215, U+FEFF, U+FFFD",
            "url": "latin\/Hind-500.woff2",
            "format": "woff2"
        },
        {
            "comment": "devanagari",
            "font-family": "Hind",
            "font-style": "normal",
            "font-weight": "600",
            "unicode-range": "U+0900-097F, U+1CD0-1CF6, U+1CF8-1CF9, U+200C-200D, U+20A8, U+20B9, U+25CC, U+A830-A839, U+A8E0-A8FB",
            "url": "devanagari\/Hind-600.woff2",
            "format": "woff2"
        },
        {
            "comment": "latin-ext",
            "font-family": "Hind",
            "font-style": "normal",
            "font-weight": "600",
            "unicode-range": "U+0100-024F, U+0259, U+1E00-1EFF, U+2020, U+20A0-20AB, U+20AD-20CF, U+2113, U+2C60-2C7F, U+A720-A7FF",
            "url": "latin-ext\/Hind-600.woff2",
            "format": "woff2"
        },
        {
            "comment": "latin",
            "font-family": "Hind",
            "font-style": "normal",
            "font-weight": "600",
            "unicode-range": "U+0000-00FF, U+0131, U+0152-0153, U+02BB-02BC, U+02C6, U+02DA, U+02DC, U+2000-206F, U+2074, U+20AC, U+2122, U+2191, U+2193, U+2212, U+2215, U+FEFF, U+FFFD",
            "url": "latin\/Hind-600.woff2",
            "format": "woff2"
        },
        {
            "comment": "devanagari",
            "font-family": "Hind",
            "font-style": "normal",
            "font-weight": "700",
            "unicode-range": "U+0900-097F, U+1CD0-1CF6, U+1CF8-1CF9, U+200C-200D, U+20A8, U+20B9, U+25CC, U+A830-A839, U+A8E0-A8FB",
            "url": "devanagari\/Hind-700.woff2",
            "format": "woff2"
        },
        {
            "comment": "latin-ext",
            "font-family": "Hind",
            "font-style": "normal",
            "font-weight": "700",
            "unicode-range": "U+0100-024F, U+0259, U+1E00-1EFF, U+2020, U+20A0-20AB, U+20AD-20CF, U+2113, U+2C60-2C7F, U+A720-A7FF",
            "url": "latin-ext\/Hind-700.woff2",
            "format": "woff2"
        },
        {
            "comment": "latin",
            "font-family": "Hind",
            "font-style": "normal",
            "font-weight": "700",
            "unicode-range": "U+0000-00FF, U+0131, U+0152-0153, U+02BB-02BC, U+02C6, U+02DA, U+02DC, U+2000-206F, U+2074, U+20AC, U+2122, U+2191, U+2193, U+2212, U+2215, U+FEFF, U+FFFD",
            "url": "latin\/Hind-700.woff2",
            "format": "woff2"
        }
    ],
    "features": []
}